USE smartcity;

-- ============================================================
-- CITIZEN SERVICE
-- ============================================================

-- Citizens: nama Indonesia realistis, tetap 3 karena FK ke reports/notifications
INSERT INTO citizens (user_id, nik, name, phone) VALUES
(-1,  '3171011234560001', 'Budi Santoso',        '081234567801'),
(-2,  '3171011234560002', 'Dewi Rahayu',         '081234567802'),
(-3,  '3171011234560003', 'Ahmad Fauzi',         '081234567803'),
(-4,  '3171011234560004', 'Siti Nurhaliza',      '081234567804'),
(-5,  '3171011234560005', 'Riko Pratama',        '081234567805'),
(-6,  '3171011234560006', 'Lestari Wulandari',   '081234567806'),
(-7,  '3171011234560007', 'Hendra Kusuma',       '081234567807'),
(-8,  '3171011234560008', 'Nurul Hidayah',       '081234567808'),
(-9,  '3171011234560009', 'Wahyu Setiawan',      '081234567809'),
(-10, '3171011234560010', 'Fitria Anggraini',    '081234567810'),
(-11, '3171011234560011', 'Doni Firmansyah',     '081234567811'),
(-12, '3171011234560012', 'Rina Oktavia',        '081234567812'),
(-13, '3171011234560013', 'Agus Hermawan',       '081234567813'),
(-14, '3171011234560014', 'Maya Sari',           '081234567814'),
(-15, '3171011234560015', 'Fajar Nugroho',       '081234567815'),
(-16, '3171011234560016', 'Indah Permata',       '081234567816'),
(-17, '3171011234560017', 'Rizky Maulana',       '081234567817'),
(-18, '3171011234560018', 'Yuni Astuti',         '081234567818'),
(-19, '3171011234560019', 'Eko Prasetyo',        '081234567819'),
(-20, '3171011234560020', 'Citra Dewi',          '081234567820');

-- ============================================================
-- REPORTS (~200 rows)
-- ============================================================
INSERT INTO reports (citizen_id, road_name, category, description, status) VALUES
-- citizen 1
(-1,  'Jalan MT Haryono',          'accident',       'Terjadi kecelakaan antara dua kendaraan di dekat Simpang Cawang.',                                           'process'),
(-1,  'Gatot Subroto',             'flood',          'Banjir setinggi 30cm menutup sebagian lajur kiri arah Semanggi.',                                            'pending'),
(-1,  'Cawang',                    'broken_vehicle',  'Truk mogok di lajur tengah mengakibatkan antrean panjang.',                                                  'completed'),
(-1,  'Jalan Raya Kalibata',       'road_obstacle',    'Lubang besar di tengah jalan menyebabkan beberapa pengendara motor oleng.',                                   'process'),
(-1,  'Manggarai',                 'accident',       'Sepeda motor menabrak separator busway saat menghindar dari lubang jalan.',                                   'pending'),
-- citizen 2
(-2,  'Jalan MT Haryono',          'flood',          'Genangan air sekitar 20 cm menyebabkan kendaraan melambat.',                                                  'pending'),
(-2,  'Jalan Prof Dr Soepomo',     'road_obstacle',    'Aspal terkelupas sepanjang 10 meter di dekat pertigaan sekolah.',                                             'process'),
(-2,  'Jalan KH Abdullah Syafei', 'broken_vehicle',  'Angkot ngetem lama di bahu jalan mempersempit arus.',                                                        'completed'),
(-2,  'Gatot Subroto',             'accident',       'Senggolan antara dua motor di dekat lampu merah Semanggi.',                                                   'completed'),
(-2,  'Jalan Raya Pasar Minggu',   'flood',          'Genangan air pasca hujan deras menyebabkan kemacetan panjang.',                                               'process'),
-- citizen 3
(-3,  'Jalan Prof Dr Soepomo',     'broken_vehicle',  'Terdapat mobil mogok di bahu jalan sehingga menghambat arus lalu lintas.',                                   'completed'),
(-3,  'Manggarai',                 'road_obstacle',    'Penutup saluran air (grill) rusak berpotensi membahayakan pengendara.',                                       'pending'),
(-3,  'Cawang',                    'accident',       'Kecelakaan tunggal motor menabrak trotoar berlubang.',                                                        'process'),
(-3,  'Jalan Raya Kalibata',       'flood',          'Air meluap dari drainase tersumbat setinggi 25cm di depan flyover.',                                          'completed'),
(-3,  'Jalan MT Haryono',          'broken_vehicle',  'Bus kota mogok di halte shelter menghalangi arus kendaraan.',                                                'pending'),
-- citizen 4
(-4,  'Gatot Subroto',             'accident',       'Tabrakan ringan antara taksi dan motor di depan gedung TVRI.',                                                'process'),
(-4,  'Jalan Raya Pasar Minggu',   'road_obstacle',    'Jalan bergelombang parah sepanjang 50 meter setelah perbaikan saluran.',                                      'completed'),
(-4,  'Jalan Prof Dr Soepomo',     'broken_vehicle',  'Bajaj mogok mendadak di tengah persimpangan, menghambat arus.',                                              'pending'),
(-4,  'Cawang',                    'flood',          'Luapan kali kecil menggenangi badan jalan setinggi 35cm.',                                                    'process'),
(-4,  'Manggarai',                 'accident',       'Motor kurir menabrak pintu mobil yang terbuka mendadak.',                                                     'pending'),
-- citizen 5
(-5,  'Jalan KH Abdullah Syafei', 'flood',           'Air hujan mengguyur dan langsung menggenang karena selokan mampet.',                                          'completed'),
(-5,  'Jalan Raya Kalibata',       'accident',       'Kecelakaan beruntun tiga kendaraan di tikungan bawah flyover.',                                               'process'),
(-5,  'Jalan MT Haryono',          'road_obstacle',    'Marka jalan sudah tidak terlihat di tikungan berbahaya dekat Pancoran.',                                      'pending'),
(-5,  'Gatot Subroto',             'broken_vehicle',  'Truk kontainer bocor bahan cair licin di lajur cepat.',                                                      'process'),
(-5,  'Jalan Prof Dr Soepomo',     'accident',       'Tabrakan antara sepeda motor dan pejalan kaki di pedestrian.',                                                'completed'),
-- citizen 6
(-6,  'Manggarai',                 'road_obstacle',    'Gorong-gorong retak menyebabkan permukaan jalan amblas.',                                                     'pending'),
(-6,  'Cawang',                    'broken_vehicle',  'Mobil pikap muatan pasir mogok di perempatan menghalangi 2 arah.',                                           'process'),
(-6,  'Jalan Raya Pasar Minggu',   'accident',       'Motor jatuh tergelincir ceceran oli yang tidak dibersihkan.',                                                 'completed'),
(-6,  'Jalan KH Abdullah Syafei', 'flood',           'Saluran drainase meluap, jalan tergenang 15cm selama 2 jam.',                                                 'process'),
(-6,  'Jalan MT Haryono',          'road_obstacle',    'Lubang menganga selebar 40cm persis di jalur sepeda motor.',                                                  'pending'),
-- citizen 7
(-7,  'Gatot Subroto',             'accident',       'Rem blong pada truk menyebabkan menyerempet kendaraan lain.',                                                 'process'),
(-7,  'Jalan Raya Kalibata',       'road_obstacle',    'Aspal retak-retak dan bergelombang di area dekat jembatan.',                                                  'completed'),
(-7,  'Jalan Prof Dr Soepomo',     'flood',          'Sumbatan sampah di gorong-gorong menyebabkan jalan tergenang.',                                               'pending'),
(-7,  'Manggarai',                 'broken_vehicle',  'Minibus transjakarta feeder mengalami gangguan di persimpangan.',                                             'process'),
(-7,  'Cawang',                    'accident',       'Kecelakaan motor vs mobil akibat lampu kuning mati.',                                                         'completed'),
-- citizen 8
(-8,  'Jalan KH Abdullah Syafei', 'road_obstacle',     'Jalan berlubang dalam di depan SPBU menyebabkan ban motor bocor.',                                            'pending'),
(-8,  'Jalan Raya Pasar Minggu',   'broken_vehicle',  'Angkot menolak bergerak sambil menunggu penumpang, menghalangi jalan.',                                      'process'),
(-8,  'Jalan MT Haryono',          'flood',          'Air menggenang setinggi lutut orang dewasa di bawah underpass.',                                              'completed'),
(-8,  'Gatot Subroto',             'accident',       'Tabrakan antara sepeda motor dan pesepeda di jalur lambat.',                                                  'process'),
(-8,  'Jalan Raya Kalibata',       'road_obstacle',    'Penutup manhole terlepas dari dudukan menjadi jebakan kendaraan.',                                            'pending'),
-- citizen 9
(-9,  'Jalan Prof Dr Soepomo',     'accident',       'Kecelakaan tunggal mobil menabrak pagar median jalan.',                                                       'completed'),
(-9,  'Manggarai',                 'flood',          'Hujan 2 jam menyebabkan genangan 40cm menutup akses masuk terminal.',                                         'process'),
(-9,  'Cawang',                    'road_obstacle',    'Permukaan jalan amblas akibat pipa air bocor di bawahnya.',                                                   'pending'),
(-9,  'Jalan KH Abdullah Syafei', 'broken_vehicle',  'Kontainer lepas dari truk dan menghalangi separuh badan jalan.',                                              'process'),
(-9,  'Jalan MT Haryono',          'accident',       'Motor jatuh akibat ceceran bahan bakar dari kendaraan lain.',                                                 'completed'),
-- citizen 10
(-10, 'Gatot Subroto',             'flood',          'Air meluap dari median jalan akibat hujan lebat 3 jam berturut-turut.',                                       'pending'),
(-10, 'Jalan Raya Pasar Minggu',   'road_obstacle',    'Jembatan kecil retak, perlu pengecekan segera sebelum ambruk.',                                               'process'),
(-10, 'Jalan Raya Kalibata',       'accident',       'Truk oleng akibat ban pecah hampir menabrak pemotor di lajur kiri.',                                          'completed'),
(-10, 'Jalan Prof Dr Soepomo',     'broken_vehicle',  'Kendaraan derek mogok di tengah jalan saat menarik mobil lain.',                                             'process'),
(-10, 'Manggarai',                 'road_obstacle',    'Rambu lalu lintas roboh akibat angin kencang menghalangi pandangan.',                                         'pending'),
-- citizen 11
(-11, 'Cawang',                    'flood',          'Luapan saluran makro menggenangi persimpangan setinggi 50cm.',                                                'process'),
(-11, 'Jalan KH Abdullah Syafei', 'accident',        'Sepeda motor terpeleset di jalanan basah saat menikung.',                                                     'completed'),
(-11, 'Jalan MT Haryono',          'road_obstacle',    'Rel JPO (Jembatan Penyeberangan Orang) berkarat dan membahayakan pejalan kaki.',                              'pending'),
(-11, 'Gatot Subroto',             'broken_vehicle',  'Alat berat proyek menghalangi jalur umum tanpa rambu pengalihan.',                                           'process'),
(-11, 'Jalan Raya Pasar Minggu',   'accident',       'Kecelakaan beruntun akibat rem mendadak di persimpangan.',                                                   'completed'),
-- citizen 12
(-12, 'Jalan Raya Kalibata',       'flood',          'Talang air gedung bertingkat membuang air ke badan jalan saat hujan.',                                        'pending'),
(-12, 'Jalan Prof Dr Soepomo',     'road_obstacle',    'Aspal berlubang dalam dekat SMPN 2 sangat berbahaya untuk pelajar.',                                          'process'),
(-12, 'Manggarai',                 'broken_vehicle',  'Motor ojek online mogok persis di mulut gang menghalangi kendaraan.',                                        'completed'),
(-12, 'Cawang',                    'accident',       'Kecelakaan antara mobil dan angkot di persimpangan tanpa lampu merah.',                                       'process'),
(-12, 'Jalan KH Abdullah Syafei', 'road_obstacle',     'Separator jalan beton retak-retak dan beberapa bagian copot.',                                                'pending'),
-- citizen 13
(-13, 'Jalan MT Haryono',          'flood',          'Underpass MT Haryono tergenang, akses ditutup petugas.',                                                      'completed'),
(-13, 'Gatot Subroto',             'accident',       'Tabrakan antara motor dan pejalan kaki di zebra cross.',                                                      'process'),
(-13, 'Jalan Raya Pasar Minggu',   'broken_vehicle',  'Dump truck bocor bahan bakar solar, jalanan jadi licin.',                                                    'pending'),
(-13, 'Jalan Raya Kalibata',       'road_obstacle',    'Jalan aspal retak panjang membentang di lajur kiri sepanjang 80 meter.',                                      'process'),
(-13, 'Jalan Prof Dr Soepomo',     'flood',          'Sumber air tidak dikenal meluap dari bawah aspal setelah gempa kecil.',                                       'completed'),
-- citizen 14
(-14, 'Manggarai',                 'accident',       'Motor masuk ke jalur busway menyebabkan senggolan dengan bus.',                                               'pending'),
(-14, 'Cawang',                    'road_obstacle',    'Tiang utilitas telekomunikasi miring ke badan jalan akibat tabrakan.',                                        'process'),
(-14, 'Jalan KH Abdullah Syafei', 'broken_vehicle',  'Truk material bangunan mogok tepat di atas jembatan kecil.',                                                  'completed'),
(-14, 'Jalan MT Haryono',          'flood',          'Pompa air underpass mati, genangan 60cm tidak bisa surut.',                                                   'process'),
(-14, 'Gatot Subroto',             'accident',       'Kecelakaan minor antara motor kurir saat berpindah lajur tiba-tiba.',                                         'pending'),
-- citizen 15
(-15, 'Jalan Raya Pasar Minggu',   'road_obstacle',    'Lubang jalan parah di dekat pasar membahayakan kendaraan roda dua.',                                          'completed'),
(-15, 'Jalan Raya Kalibata',       'flood',          'Drainase tersumbat sampah menyebabkan air meluap ke jalan.',                                                  'process'),
(-15, 'Jalan Prof Dr Soepomo',     'accident',       'Tabrakan motor dengan bemo di persimpangan lampu kuning.',                                                    'pending'),
(-15, 'Manggarai',                 'broken_vehicle',  'Truk tangki minyak goreng mogok menghalangi jalur lambat.',                                                  'process'),
(-15, 'Cawang',                    'road_obstacle',    'Median jalan ambles akibat pengerjaan utilitas bawah tanah.',                                                 'completed'),
-- citizen 16
(-16, 'Jalan KH Abdullah Syafei', 'accident',        'Motor terjatuh akibat terperosok lubang dalam saat malam hari.',                                              'pending'),
(-16, 'Jalan MT Haryono',          'road_obstacle',    'Guardrail jembatan Pancoran rusak setelah ditabrak kendaraan besar.',                                         'process'),
(-16, 'Gatot Subroto',             'flood',          'Banjir kiriman dari Cawang menggenangi ruas Gatot Subroto selatan.',                                          'completed'),
(-16, 'Jalan Raya Pasar Minggu',   'broken_vehicle',  'Minibus tabrak lari, kemudian mogok di bahu jalan, menutup lajur.',                                          'process'),
(-16, 'Jalan Raya Kalibata',       'accident',       'Senggolan antara motor dan sepeda di jalur khusus sepeda.',                                                   'pending'),
-- citizen 17
(-17, 'Jalan Prof Dr Soepomo',     'road_obstacle',    'Aspal lekukan dalam seperti polisi tidur liar di depan gang warga.',                                          'completed'),
(-17, 'Manggarai',                 'flood',          'Air limbah ikut meluap bersama air hujan ke badan jalan.',                                                    'process'),
(-17, 'Cawang',                    'accident',       'Tabrakan antara motor dan bus kota di persimpangan tanpa marka.',                                             'pending'),
(-17, 'Jalan KH Abdullah Syafei', 'road_obstacle',     'Pembatas beton median tergeser akibat ditabrak kendaraan berat.',                                             'process'),
(-17, 'Jalan MT Haryono',          'broken_vehicle',  'Excavator proyek parkir sembarangan mempersempit lajur jalan.',                                              'completed'),
-- citizen 18
(-18, 'Gatot Subroto',             'accident',       'Motor jatuh menghindari kendaraan yang tiba-tiba berhenti di lajur cepat.',                                   'pending'),
(-18, 'Jalan Raya Pasar Minggu',   'road_obstacle',    'Permukaan jalan bergelombang parah di depan RSUD mengancam keselamatan.',                                     'process'),
(-18, 'Jalan Raya Kalibata',       'flood',          'Genangan air sisa hujan tidak surut karena pompa drainase rusak.',                                            'completed'),
(-18, 'Jalan Prof Dr Soepomo',     'accident',       'Kecelakaan antara dua motor akibat tidak melihat marka jalan yang pudar.',                                    'process'),
(-18, 'Manggarai',                 'broken_vehicle',  'Crane proyek gedung bertubrukan minor dengan bus TransJakarta.',                                              'pending'),
-- citizen 19
(-19, 'Cawang',                    'road_obstacle',    'Lubang jalan besar di gerbang tol menyebabkan beberapa ban pecah.',                                           'completed'),
(-19, 'Jalan KH Abdullah Syafei', 'flood',           'Genangan air 20cm dari selokan meluap di depan Masjid Al-Azhar.',                                             'process'),
(-19, 'Jalan MT Haryono',          'accident',       'Tabrakan beruntun empat kendaraan di lajur cepat arah Cawang.',                                               'pending'),
(-19, 'Gatot Subroto',             'broken_vehicle',  'Mobil derek mogok saat menarik kendaraan dan memblokir satu lajur.',                                         'process'),
(-19, 'Jalan Raya Pasar Minggu',   'road_obstacle',    'Lampu jalan padam di tiga titik berturut-turut menciptakan blind spot.',                                      'completed'),
-- citizen 20
(-20, 'Jalan Raya Kalibata',       'accident',       'Kecelakaan antara sepeda motor dan pejalan kaki di zebra cross.',                                             'pending'),
(-20, 'Jalan Prof Dr Soepomo',     'road_obstacle',    'Tiang rambu jalan copot dari pondasi menjadi halangan di bahu jalan.',                                        'process'),
(-20, 'Manggarai',                 'flood',          'Air dari rel kereta meluap ke jalan arteri saat hujan deras.',                                                'completed'),
(-20, 'Cawang',                    'broken_vehicle',  'Truk logistik besar mogok di simpang masuk tol menyebabkan kepadatan.',                                      'process'),
(-20, 'Jalan KH Abdullah Syafei', 'accident',        'Kecelakaan saat dini hari akibat jalan gelap dan tidak ada penerangan.',                                      'pending');

-- ============================================================
-- NOTIFICATIONS (satu notifikasi per laporan, ~100 rows)
-- ============================================================
INSERT INTO notifications (citizen_id, title, message, is_read) VALUES
(-1,  'Laporan Diproses',    'Operator telah menerima laporan kecelakaan di MT Haryono dan sedang melakukan verifikasi.',                         FALSE),
(-1,  'Laporan Diterima',    'Laporan banjir di Gatot Subroto Anda telah kami terima dan akan segera ditindaklanjuti.',                          FALSE),
(-1,  'Penanganan Selesai',  'Kendaraan mogok di Cawang telah berhasil dipindahkan. Kondisi lalu lintas kembali normal.',                        TRUE),
(-1,  'Laporan Diproses',    'Tim teknis telah turun untuk meninjau kerusakan jalan di Jalan Raya Kalibata.',                                    FALSE),
(-1,  'Laporan Diterima',    'Laporan kecelakaan di Manggarai Anda telah diteruskan ke unit terkait.',                                           FALSE),
(-2,  'Laporan Diterima',    'Laporan banjir di MT Haryono Anda telah kami terima dan akan segera ditindaklanjuti.',                             FALSE),
(-2,  'Laporan Diproses',    'Tim inspeksi sedang meninjau kerusakan aspal di Jalan Prof Dr Soepomo.',                                           FALSE),
(-2,  'Penanganan Selesai',  'Angkot yang menghalangi arus di Jalan KH Abdullah Syafei telah ditertibkan oleh petugas.',                         TRUE),
(-2,  'Penanganan Selesai',  'Laporan senggolan motor di Gatot Subroto telah diproses. Korban sudah mendapat pertolongan.',                      TRUE),
(-2,  'Laporan Diproses',    'Petugas sedang memantau kondisi genangan air di Jalan Raya Pasar Minggu.',                                         FALSE),
(-3,  'Penanganan Selesai',  'Operator telah menerima laporan dan sedang melakukan verifikasi.',                                                  TRUE),
(-3,  'Laporan Diterima',    'Laporan kerusakan grill saluran air di Manggarai telah diteruskan ke Dinas PU.',                                   FALSE),
(-3,  'Laporan Diproses',    'Tim investigasi sedang meninjau lokasi kecelakaan di Cawang.',                                                     FALSE),
(-3,  'Penanganan Selesai',  'Banjir di Jalan Raya Kalibata telah surut setelah pompa diaktifkan. Jalan kembali normal.',                        TRUE),
(-3,  'Laporan Diterima',    'Laporan bus kota mogok di MT Haryono telah kami terima dan akan segera ditindaklanjuti.',                          FALSE),
(-4,  'Laporan Diproses',    'Unit kecelakaan sedang menangani insiden di Gatot Subroto arah TVRI.',                                             FALSE),
(-4,  'Penanganan Selesai',  'Perbaikan jalan bergelombang di Jalan Raya Pasar Minggu telah selesai dilakukan.',                                 TRUE),
(-4,  'Laporan Diterima',    'Laporan bajaj mogok di Jalan Prof Dr Soepomo telah diteruskan ke petugas lapangan.',                               FALSE),
(-4,  'Laporan Diproses',    'Genangan air di Cawang sedang ditangani dengan pompa mobile Dinas Banjir.',                                        FALSE),
(-4,  'Laporan Diterima',    'Laporan kecelakaan di Manggarai telah kami terima. Ambulans sudah dikirimkan.',                                    FALSE),
(-5,  'Penanganan Selesai',  'Selokan mampet di Jalan KH Abdullah Syafei telah dibersihkan. Air tidak lagi menggenang.',                         TRUE),
(-5,  'Laporan Diproses',    'Petugas sedang menangani kecelakaan beruntun di Jalan Raya Kalibata.',                                             FALSE),
(-5,  'Laporan Diterima',    'Laporan marka jalan pudar di MT Haryono telah diteruskan ke Dinas Perhubungan.',                                   FALSE),
(-5,  'Laporan Diproses',    'Tim kebersihan sedang membersihkan tumpahan bahan dari truk di Gatot Subroto.',                                    FALSE),
(-5,  'Penanganan Selesai',  'Laporan kecelakaan di Jalan Prof Dr Soepomo telah diproses. Area telah diamankan.',                                TRUE),
(-6,  'Laporan Diterima',    'Laporan kerusakan gorong-gorong di Manggarai telah diteruskan ke Dinas PU Jalan.',                                 FALSE),
(-6,  'Laporan Diproses',    'Petugas sedang membantu memindahkan mobil pikap yang mogok di Cawang.',                                            FALSE),
(-6,  'Penanganan Selesai',  'Area ceceran oli di Jalan Raya Pasar Minggu telah dibersihkan oleh petugas kebersihan.',                           TRUE),
(-6,  'Laporan Diproses',    'Pompa drainase dikirim untuk mengatasi banjir di Jalan KH Abdullah Syafei.',                                       FALSE),
(-6,  'Laporan Diterima',    'Laporan lubang jalan besar di MT Haryono telah kami terima dan akan segera ditindaklanjuti.',                      FALSE),
(-7,  'Laporan Diproses',    'Petugas pengamanan sedang menangani kasus rem blong di Gatot Subroto.',                                            FALSE),
(-7,  'Penanganan Selesai',  'Perbaikan aspal bergelombang di Jalan Raya Kalibata telah selesai.',                                               TRUE),
(-7,  'Laporan Diterima',    'Laporan banjir akibat sampah di Jalan Prof Dr Soepomo telah kami terima.',                                         FALSE),
(-7,  'Laporan Diproses',    'Teknisi sedang memperbaiki minibus TransJakarta feeder yang bermasalah di Manggarai.',                              FALSE),
(-7,  'Penanganan Selesai',  'Lampu kuning di Cawang telah diperbaiki. Kecelakaan motor vs mobil sudah ditangani.',                              TRUE),
(-8,  'Laporan Diterima',    'Laporan jalan berlubang di depan SPBU Jalan KH Abdullah Syafei telah diteruskan ke PU.',                           FALSE),
(-8,  'Laporan Diproses',    'Petugas Dishub sedang menertibkan angkot yang ngetem di Jalan Raya Pasar Minggu.',                                 FALSE),
(-8,  'Penanganan Selesai',  'Pompa air di underpass MT Haryono sudah diaktifkan. Genangan berangsur surut.',                                    TRUE),
(-8,  'Laporan Diproses',    'Tim kecelakaan sedang mengurus insiden tabrakan di Gatot Subroto.',                                                FALSE),
(-8,  'Laporan Diterima',    'Laporan penutup manhole terlepas di Jalan Raya Kalibata telah kami terima.',                                       FALSE),
(-9,  'Penanganan Selesai',  'Kecelakaan tunggal di Jalan Prof Dr Soepomo telah ditangani. Pagar median sedang diperbaiki.',                     TRUE),
(-9,  'Laporan Diproses',    'Pompa mobile sedang disiapkan untuk mengatasi banjir di Manggarai.',                                               FALSE),
(-9,  'Laporan Diterima',    'Laporan jalan amblas di Cawang telah diteruskan ke Dinas PU untuk pengecekan.',                                    FALSE),
(-9,  'Laporan Diproses',    'Petugas sedang menangani kontainer yang terlepas di Jalan KH Abdullah Syafei.',                                    FALSE),
(-9,  'Penanganan Selesai',  'Area tumpahan bahan bakar di MT Haryono telah dibersihkan. Lalu lintas kembali lancar.',                           TRUE),
(-10, 'Laporan Diterima',    'Laporan banjir di Gatot Subroto telah kami terima. Tim BPBD sedang bergerak.',                                     FALSE),
(-10, 'Laporan Diproses',    'Insinyur jembatan dikirim untuk memeriksa retak di Jalan Raya Pasar Minggu.',                                      FALSE),
(-10, 'Penanganan Selesai',  'Kecelakaan truk ban pecah di Jalan Raya Kalibata telah ditangani. Lalu lintas normal.',                            TRUE),
(-10, 'Laporan Diproses',    'Teknisi sedang memperbaiki kendaraan derek yang mogok di Jalan Prof Dr Soepomo.',                                  FALSE),
(-10, 'Laporan Diterima',    'Laporan rambu lalu lintas roboh di Manggarai telah diteruskan ke Dinas Perhubungan.',                              FALSE),
(-11, 'Laporan Diproses',    'Pompa besar dikerahkan mengatasi banjir persimpangan Cawang.',                                                     FALSE),
(-11, 'Penanganan Selesai',  'Kecelakaan motor di Jalan KH Abdullah Syafei telah ditangani. Korban dibawa ke RSUD.',                             TRUE),
(-11, 'Laporan Diterima',    'Laporan rel JPO berkarat di MT Haryono telah diteruskan ke Dinas Bina Marga.',                                     FALSE),
(-11, 'Laporan Diproses',    'Petugas meminta alat berat proyek di Gatot Subroto untuk segera dipindahkan.',                                     FALSE),
(-11, 'Penanganan Selesai',  'Kecelakaan beruntun di Jalan Raya Pasar Minggu telah tertangani. Area sudah bersih.',                              TRUE),
(-12, 'Laporan Diterima',    'Laporan masalah talang air gedung di Jalan Raya Kalibata diteruskan ke Dinas Bangunan.',                           FALSE),
(-12, 'Laporan Diproses',    'Tim inspeksi jalan menuju ke Jalan Prof Dr Soepomo untuk meninjau lubang jalan.',                                  FALSE),
(-12, 'Penanganan Selesai',  'Motor ojek online yang menghalangi jalan di Manggarai telah diarahkan ke tempat lain.',                            TRUE),
(-12, 'Laporan Diproses',    'Petugas sedang mengurai kemacetan akibat kecelakaan di Cawang.',                                                   FALSE),
(-12, 'Laporan Diterima',    'Laporan separator beton retak di Jalan KH Abdullah Syafei telah kami terima.',                                     FALSE),
(-13, 'Penanganan Selesai',  'Genangan di underpass MT Haryono telah surut dan jalan kembali dibuka.',                                           TRUE),
(-13, 'Laporan Diproses',    'Unit kecelakaan menangani tabrakan motor vs pejalan kaki di Gatot Subroto.',                                       FALSE),
(-13, 'Laporan Diterima',    'Laporan bocornya dump truck solar di Jalan Raya Pasar Minggu telah diteruskan.',                                   FALSE),
(-13, 'Laporan Diproses',    'Tim teknis sedang meninjau retakan aspal panjang di Jalan Raya Kalibata.',                                         FALSE),
(-13, 'Penanganan Selesai',  'Sumber air misterius di Jalan Prof Dr Soepomo telah diidentifikasi dan diatasi.',                                  TRUE),
(-14, 'Laporan Diterima',    'Laporan motor masuk jalur busway di Manggarai telah diteruskan ke Dishub.',                                        FALSE),
(-14, 'Laporan Diproses',    'Tim teknis sedang menegakkan kembali tiang utilitas yang miring di Cawang.',                                       FALSE),
(-14, 'Penanganan Selesai',  'Truk material yang menghalangi jembatan di Jalan KH Abdullah Syafei telah dipindahkan.',                           TRUE),
(-14, 'Laporan Diproses',    'Teknisi pompa dikirim untuk mengatasi pompa mati di underpass MT Haryono.',                                        FALSE),
(-14, 'Laporan Diterima',    'Laporan kecelakaan motor kurir di Gatot Subroto telah kami terima.',                                               FALSE),
(-15, 'Penanganan Selesai',  'Lubang jalan parah di Jalan Raya Pasar Minggu dekat pasar telah ditambal.',                                        TRUE),
(-15, 'Laporan Diproses',    'Petugas drainase sedang membersihkan sampah penyebab banjir di Jalan Raya Kalibata.',                              FALSE),
(-15, 'Laporan Diterima',    'Laporan kecelakaan motor di Jalan Prof Dr Soepomo telah kami terima.',                                             FALSE),
(-15, 'Laporan Diproses',    'Teknisi sedang memindahkan truk tangki yang menghalangi jalan di Manggarai.',                                      FALSE),
(-15, 'Penanganan Selesai',  'Median jalan yang ambles di Cawang telah diperbaiki sementara dengan barrier beton.',                              TRUE),
(-16, 'Laporan Diterima',    'Laporan motor jatuh lubang di Jalan KH Abdullah Syafei telah diteruskan ke PU.',                                   FALSE),
(-16, 'Laporan Diproses',    'Tim teknis sedang memeriksa guardrail rusak di jembatan Pancoran MT Haryono.',                                     FALSE),
(-16, 'Penanganan Selesai',  'Banjir kiriman di Gatot Subroto telah surut. Jalur sudah dapat dilalui normal.',                                   TRUE),
(-16, 'Laporan Diproses',    'Petugas sedang menangani minibus yang mogok di Jalan Raya Pasar Minggu.',                                          FALSE),
(-16, 'Laporan Diterima',    'Laporan senggolan motor dan sepeda di Jalan Raya Kalibata telah kami terima.',                                     FALSE),
(-17, 'Penanganan Selesai',  'Polisi tidur liar di Jalan Prof Dr Soepomo telah diratakan atas permintaan warga.',                                TRUE),
(-17, 'Laporan Diproses',    'Petugas PDAM sedang memeriksa sumber air limbah yang meluap di Manggarai.',                                        FALSE),
(-17, 'Laporan Diterima',    'Laporan kecelakaan motor vs bus di Cawang telah kami terima dan akan ditindaklanjuti.',                            FALSE),
(-17, 'Laporan Diproses',    'Tim teknis sedang memindahkan pembatas beton yang tergeser di Jalan KH Abdullah Syafei.',                          FALSE),
(-17, 'Penanganan Selesai',  'Excavator proyek di MT Haryono telah dipindahkan ke lokasi yang tidak mengganggu jalan.',                          TRUE),
(-18, 'Laporan Diterima',    'Laporan motor jatuh di Gatot Subroto telah kami terima. Korban sedang dibantu.',                                   FALSE),
(-18, 'Laporan Diproses',    'Tim inspeksi jalan menuju RSUD Jalan Raya Pasar Minggu untuk meninjau kondisi.',                                   FALSE),
(-18, 'Penanganan Selesai',  'Pompa drainase di Jalan Raya Kalibata telah diperbaiki dan genangan sudah surut.',                                 TRUE),
(-18, 'Laporan Diproses',    'Unit kecelakaan sedang menangani insiden di Jalan Prof Dr Soepomo.',                                               FALSE),
(-18, 'Laporan Diterima',    'Laporan benturan crane vs bus di Manggarai telah kami terima.',                                                    FALSE),
(-19, 'Penanganan Selesai',  'Lubang jalan di gerbang tol Cawang telah ditambal darurat.',                                                       TRUE),
(-19, 'Laporan Diproses',    'Petugas drainase sedang menangani selokan meluap di Jalan KH Abdullah Syafei.',                                    FALSE),
(-19, 'Laporan Diterima',    'Laporan kecelakaan beruntun di MT Haryono arah Cawang telah kami terima.',                                         FALSE),
(-19, 'Laporan Diproses',    'Tim derek sedang memindahkan mobil derek yang memblokir Gatot Subroto.',                                           FALSE),
(-19, 'Penanganan Selesai',  'Lampu jalan yang padam di Jalan Raya Pasar Minggu telah diganti dan menyala kembali.',                             TRUE),
(-20, 'Laporan Diterima',    'Laporan kecelakaan di zebra cross Jalan Raya Kalibata telah kami terima.',                                         FALSE),
(-20, 'Laporan Diproses',    'Tim teknis sedang menegakkan kembali tiang rambu yang copot di Jalan Prof Dr Soepomo.',                            FALSE),
(-20, 'Penanganan Selesai',  'Air dari rel kereta di Manggarai telah dialihkan. Jalan arteri kembali normal.',                                   TRUE),
(-20, 'Laporan Diproses',    'Petugas derek dikirim untuk membantu truk logistik yang mogok di Cawang.',                                         FALSE),
(-20, 'Laporan Diterima',    'Laporan jalan gelap akibat penerangan mati di Jalan KH Abdullah Syafei telah diteruskan ke PLN.',                  FALSE);

-- ============================================================
-- TRAFFIC DATA (tambahan ~60 rows, variasi hari dan ruas)
-- ============================================================
INSERT INTO traffic_data (road_name, vehicle_count, average_speed, congestion_level, observation_time) VALUES
-- Sabtu pagi (2026-06-06) — lebih sepi dari hari kerja
('Jalan MT Haryono',          70,  38.00, 'Normal',      '2026-06-06 07:00:00'),
('Gatot Subroto',             85,  35.50, 'Normal',      '2026-06-06 07:30:00'),
('Cawang',                    60,  40.00, 'Normal',      '2026-06-06 08:00:00'),
('Jalan Raya Pasar Minggu',  110,  22.00, 'Padat',       '2026-06-06 08:30:00'),
('Jalan Prof Dr Soepomo',     55,  43.00, 'Normal',      '2026-06-06 09:00:00'),
('Jalan KH Abdullah Syafei', 100,  25.00, 'Padat',       '2026-06-06 09:30:00'),
('Jalan Raya Kalibata',       75,  37.50, 'Normal',      '2026-06-06 10:00:00'),
('Manggarai',                 90,  30.00, 'Normal',      '2026-06-06 10:30:00'),
-- Sabtu siang jam makan siang
('Jalan MT Haryono',         120,  20.00, 'Padat',       '2026-06-06 12:00:00'),
('Gatot Subroto',            130,  18.50, 'Padat',       '2026-06-06 12:30:00'),
('Cawang',                    95,  27.00, 'Padat',       '2026-06-06 13:00:00'),
('Jalan Raya Pasar Minggu',  145,  14.00, 'Macet',       '2026-06-06 13:30:00'),
('Jalan Prof Dr Soepomo',     80,  33.00, 'Normal',      '2026-06-06 14:00:00'),
-- Sabtu sore (pusat perbelanjaan ramai)
('Jalan MT Haryono',         160,  11.50, 'Macet',       '2026-06-06 15:00:00'),
('Gatot Subroto',            175,  10.00, 'Macet',       '2026-06-06 15:30:00'),
('Cawang',                   140,  15.50, 'Macet',       '2026-06-06 16:00:00'),
('Jalan Raya Kalibata',      155,  13.00, 'Macet',       '2026-06-06 16:30:00'),
('Manggarai',                120,  19.50, 'Padat',       '2026-06-06 17:00:00'),
('Jalan KH Abdullah Syafei', 165,  10.80, 'Macet',       '2026-06-06 17:30:00'),
-- Sabtu malam
('Jalan MT Haryono',          55,  44.00, 'Normal',      '2026-06-06 21:00:00'),
('Gatot Subroto',             60,  42.50, 'Normal',      '2026-06-06 22:00:00'),
('Cawang',                    45,  47.00, 'Normal',      '2026-06-06 23:00:00'),
-- Minggu pagi (2026-06-07) — hari libur, lalu lintas santai
('Jalan MT Haryono',          30,  55.00, 'Normal',      '2026-06-07 06:00:00'),
('Gatot Subroto',             35,  53.50, 'Normal',      '2026-06-07 07:00:00'),
('Jalan Raya Pasar Minggu',   50,  48.00, 'Normal',      '2026-06-07 07:30:00'),
('Manggarai',                 40,  50.00, 'Normal',      '2026-06-07 08:00:00'),
('Jalan Prof Dr Soepomo',     45,  49.00, 'Normal',      '2026-06-07 08:30:00'),
-- Senin kembali kerja (2026-06-08) — puncak kemacetan
('Jalan MT Haryono',         200,  7.00,  'Sangat Macet','2026-06-08 07:00:00'),
('Gatot Subroto',            225,  6.20,  'Sangat Macet','2026-06-08 07:15:00'),
('Cawang',                   180,  9.50,  'Sangat Macet','2026-06-08 07:30:00'),
('Jalan Raya Pasar Minggu',  160,  12.00, 'Macet',       '2026-06-08 07:45:00'),
('Jalan KH Abdullah Syafei', 145,  14.00, 'Macet',       '2026-06-08 08:00:00'),
('Jalan Raya Kalibata',      125,  18.50, 'Padat',       '2026-06-08 08:15:00'),
('Jalan Prof Dr Soepomo',    105,  24.00, 'Padat',       '2026-06-08 08:30:00'),
('Manggarai',                115,  20.00, 'Padat',       '2026-06-08 08:45:00'),
-- Senin siang normal
('Jalan MT Haryono',          65,  37.00, 'Normal',      '2026-06-08 11:00:00'),
('Gatot Subroto',             70,  36.00, 'Normal',      '2026-06-08 11:30:00'),
('Cawang',                    55,  42.00, 'Normal',      '2026-06-08 12:00:00'),
('Jalan Raya Pasar Minggu',   90,  28.00, 'Padat',       '2026-06-08 12:30:00'),
-- Senin sore pulang kerja
('Jalan MT Haryono',         215,  6.50,  'Sangat Macet','2026-06-08 17:00:00'),
('Gatot Subroto',            235,  5.80,  'Sangat Macet','2026-06-08 17:15:00'),
('Cawang',                   190,  8.50,  'Sangat Macet','2026-06-08 17:30:00'),
('Jalan Raya Pasar Minggu',  170,  11.00, 'Macet',       '2026-06-08 18:00:00'),
('Jalan KH Abdullah Syafei', 155,  12.50, 'Macet',       '2026-06-08 18:30:00'),
('Manggarai',                130,  17.00, 'Macet',       '2026-06-08 19:00:00'),
('Jalan Raya Kalibata',      140,  15.00, 'Macet',       '2026-06-08 19:30:00'),
-- Selasa sore + malam hujan (kondisi parah)
('Jalan MT Haryono',         240,  5.50,  'Sangat Macet','2026-06-09 17:00:00'),
('Gatot Subroto',            250,  4.80,  'Sangat Macet','2026-06-09 17:20:00'),
('Cawang',                   200,  7.00,  'Sangat Macet','2026-06-09 17:40:00'),
('Jalan Raya Kalibata',      170,  10.00, 'Macet',       '2026-06-09 18:00:00'),
('Manggarai',                155,  12.00, 'Macet',       '2026-06-09 18:30:00'),
('Jalan KH Abdullah Syafei', 175,  9.50,  'Sangat Macet','2026-06-09 19:00:00'),
-- Rabu dini hari sepi
('Jalan MT Haryono',          12,  63.00, 'Normal',      '2026-06-10 02:00:00'),
('Gatot Subroto',              8,  66.00, 'Normal',      '2026-06-10 03:00:00'),
('Cawang',                     6,  68.00, 'Normal',      '2026-06-10 04:00:00'),
('Manggarai',                 10,  61.00, 'Normal',      '2026-06-10 04:30:00');

-- ============================================================
-- INCIDENTS (tambahan ~40 rows)
-- ============================================================
INSERT INTO incidents (road_name, incident_type, description, status, created_at) VALUES
('Jalan MT Haryono',          'accident',            'Tabrakan antara motor dan mobil di dekat flyover Pancoran arah barat.',                               'resolved', '2026-06-06 08:10:00'),
('Gatot Subroto',             'flood',               'Genangan air pasca hujan lokal setinggi 20cm di depan Plaza Semanggi.',                               'resolved', '2026-06-06 09:00:00'),
('Cawang',                    'broken_vehicle',      'Truk pengangkut material bangunan mogok di lajur kiri arah tol.',                                    'active',   '2026-06-06 10:30:00'),
('Jalan Raya Pasar Minggu',   'road_obstacle',       'Pedagang kaki lima meluber ke badan jalan menyempitkan arus.',                                        'resolved', '2026-06-06 11:00:00'),
('Jalan KH Abdullah Syafei', 'traffic_light_damage', 'Lampu merah tidak berfungsi pasca pemadaman listrik PLN.',                                            'active',   '2026-06-06 12:00:00'),
('Jalan Prof Dr Soepomo',     'accident',            'Motor terjatuh menghindari lubang jalan dalam kondisi hujan.',                                        'resolved', '2026-06-06 13:15:00'),
('Manggarai',                 'fallen_tree',          'Pohon tua tumbang akibat angin kencang menutup separuh badan jalan.',                                'resolved', '2026-06-06 14:00:00'),
('Jalan Raya Kalibata',       'road_obstacle',       'Tumpahan pasir dari truk proyek di tikungan berbahaya dekat pasar.',                                  'active',   '2026-06-06 15:00:00'),
('Jalan MT Haryono',          'broken_vehicle',      'Mobil sedan mogok kehabisan bahan bakar di lajur cepat jam sibuk.',                                   'resolved', '2026-06-06 16:00:00'),
('Gatot Subroto',             'accident',            'Kecelakaan motor melibatkan empat pengendara di persimpangan.',                                       'resolved', '2026-06-06 17:00:00'),
('Cawang',                    'flood',               'Luapan drainase menggenangi persimpangan Cawang hingga 40cm.',                                        'active',   '2026-06-06 17:30:00'),
('Jalan Raya Pasar Minggu',   'broken_vehicle',      'Bus Metromini mogok di tengah jalan menghalangi dua lajur.',                                         'resolved', '2026-06-06 18:00:00'),
('Jalan KH Abdullah Syafei', 'road_obstacle',        'Penumpukan sampah besar di bahu jalan menyempitkan arus.',                                            'resolved', '2026-06-06 19:00:00'),
('Jalan Prof Dr Soepomo',     'broken_vehicle',      'Kendaraan tangki air mogok mengeluarkan kebocoran di jalan.',                                         'active',   '2026-06-06 19:30:00'),
('Manggarai',                 'accident',            'Insiden senggolan antara bus dan motor di dekat rel kereta.',                                         'resolved', '2026-06-06 20:00:00'),
('Jalan Raya Kalibata',       'traffic_light_damage','Panel kontrol lampu lalu lintas di flyover Kalibata mengalami gangguan.',                              'active',   '2026-06-06 20:30:00'),
('Jalan MT Haryono',          'fallen_tree',         'Ranting besar jatuh akibat hujan deras dan angin kencang.',                                           'resolved', '2026-06-07 10:00:00'),
('Gatot Subroto',             'road_obstacle',       'Material proyek konstruksi tumpah ke badan jalan arah Semanggi.',                                     'resolved', '2026-06-07 10:30:00'),
('Cawang',                    'accident',            'Kecelakaan tunggal pengendara motor oleng menghindari genangan.',                                     'resolved', '2026-06-07 11:00:00'),
('Jalan Raya Pasar Minggu',   'flood',               'Selokan meluap akibat tersumbat sampah musim hujan.',                                                 'resolved', '2026-06-07 12:00:00'),
('Jalan MT Haryono',          'accident',            'Tabrakan beruntun lima kendaraan saat hari pertama kerja minggu baru.',                               'active',   '2026-06-08 07:05:00'),
('Gatot Subroto',             'broken_vehicle',      'Kontainer lepas dari truk trailer saat menikung di Gatot Subroto.',                                   'active',   '2026-06-08 07:20:00'),
('Cawang',                    'flood',               'Luapan saluran makro pagi hari membuat simpang tidak bisa dilalui.',                                  'active',   '2026-06-08 07:45:00'),
('Jalan KH Abdullah Syafei', 'accident',             'Motor dan sepeda motor listrik bertabrakan akibat blind spot.',                                       'resolved', '2026-06-08 08:10:00'),
('Jalan Prof Dr Soepomo',     'road_obstacle',       'Tiang lampu jalan roboh dari pondasi menutup lajur kiri.',                                            'resolved', '2026-06-08 09:00:00'),
('Manggarai',                 'broken_vehicle',      'Bus transjakarta mengalami kegagalan sistem rem di persimpangan.',                                    'active',   '2026-06-08 09:30:00'),
('Jalan Raya Kalibata',       'accident',            'Tabrakan antara motor dan sepeda saat hujan ringan di pagi hari.',                                    'resolved', '2026-06-08 10:00:00'),
('Jalan Raya Pasar Minggu',   'fallen_tree',         'Pohon tumbang menimpa kabel listrik dan menghalangi setengah jalan.',                                 'active',   '2026-06-08 10:30:00'),
('Jalan MT Haryono',          'flood',               'Hujan lebat sore hari menyebabkan genangan 45cm di bawah flyover.',                                   'active',   '2026-06-09 17:10:00'),
('Gatot Subroto',             'accident',            'Kecelakaan antara mobil pribadi dan bus akibat aquaplaning.',                                         'active',   '2026-06-09 17:30:00'),
('Cawang',                    'road_obstacle',       'Penghalang beton ilegal dipasang warga memblokir satu lajur.',                                        'resolved', '2026-06-09 18:00:00'),
('Jalan Raya Kalibata',       'broken_vehicle',      'Truk BBM bocor di bahu jalan, petugas menutup lajur terdekat.',                                       'active',   '2026-06-09 18:30:00'),
('Jalan KH Abdullah Syafei', 'flood',                'Air sungai meluap akibat curah hujan tinggi, jalan terendam 50cm.',                                   'active',   '2026-06-09 19:00:00'),
('Manggarai',                 'traffic_light_damage','Sistem traffic light Manggarai down total, petugas mengatur manual.',                                  'resolved', '2026-06-09 19:30:00'),
('Jalan Prof Dr Soepomo',     'accident',            'Kecelakaan motor ganda di persimpangan saat kondisi jalan licin.',                                    'resolved', '2026-06-09 20:00:00'),
('Jalan Raya Pasar Minggu',   'road_obstacle',       'Material bangunan dibongkar di malam hari menghalangi lajur kanan.',                                  'resolved', '2026-06-09 21:00:00'),
('Jalan MT Haryono',          'broken_vehicle',      'Bus AKAP mogok di jalur tol dalam kota, lalin tertahan satu jam.',                                    'resolved', '2026-06-10 06:00:00'),
('Gatot Subroto',             'fallen_tree',         'Pohon besar tumbang akibat tanah basah pasca hujan semalam.',                                         'active',   '2026-06-10 06:30:00'),
('Cawang',                    'accident',            'Tabrakan motor vs motor di ramp tol Cawang arah dalam kota.',                                         'resolved', '2026-06-10 07:00:00'),
('Jalan Raya Kalibata',       'flood',               'Sisa banjir semalam belum surut, genangan 30cm masih ada.',                                           'active',   '2026-06-10 07:30:00');
